Product,Description
"Vinyl Banners Single Sided","Our wholesale vinyl banners are a highly popular and versatile choice, known for their exceptional quality and durability. Crafted from long-lasting material, these banners are designed to present your business in the best possible light. Featuring a semi-gloss finish and crisp, vibrant printing, our banners offer a professional and eye-catching display that meets the demands of any business. With a variety of finishing options available, our vinyl banners can help you expand your product offerings, leading to more applications, more jobs, and increased revenue."
"Double Sided Banner","Our double sided banners offer the ultimate in advertising impact, known for their complete opacity and maximum visibility. Crafted with a built-in blockout layer, these banners ensure your graphics are bold and legible from any direction with zero show-through. Featuring crisp, vibrant printing on both sides, our banners provide a dynamic and professional display ideal for high-traffic areas. With a variety of finishing options, these banners can help you capture attention from all angles, leading to more exposure, more opportunities, and increased customer engagement."
"Pop Up Banners","Our pop up banners are a highly portable and impactful choice, recognized for their incredible convenience and professional appearance. Housed in a durable, lightweight retractable stand, these banners are designed for effortless setup and transport, allowing you to present your brand perfectly in seconds. Featuring a high-quality, vibrant print, our pop up banners offer a sharp, attention-grabbing display for any indoor setting. Ideal for trade shows and events, these banners can help you create a polished presentation, leading to more booth traffic, more leads, and enhanced brand recognition."
"Canvas","Our wholesale canvas prints are a sophisticated and artistic choice, celebrated for their exceptional print quality and timeless appeal. Crafted from high-grade artist canvas, these pieces are designed to transform your images into elegant works of art for any professional space. Featuring rich, detailed printing with a subtle, textured finish, our canvas prints offer a high-end, gallery-quality display that adds a touch of class. With options for custom sizing, our canvas can help you elevate your interior decor, leading to a more refined brand image, more impressive displays, and a memorable visual experience."
"Backdrops","Our custom backdrops are a commanding and professional choice, known for creating immersive environments and powerful branding opportunities. Crafted from large-format, non-glare materials, these backdrops are designed to serve as the perfect background for trade show booths and event photography. Featuring seamless, high-resolution printing, our backdrops offer a polished and captivating visual that makes your brand the center of attention. Available in any size, our backdrops can help you define your space, leading to a stronger brand presence, more photo opportunities, and a truly professional event."
"Custom Car Decals","Our custom car decals are a durable and effective advertising choice, known for their precision-cut quality and weather-resistant properties. Crafted from high-performance automotive vinyl, these decals are designed to turn any vehicle into a mobile billboard for your business. Featuring sharp, vibrant printing of your logo or message, our decals offer a clean and professional look that seamlessly integrates with your vehicle. With endless customization options, our car decals can help you increase local awareness, leading to more inbound calls, more customer recognition, and business growth on the move."
"3M Controltac Vinyl Decals","Our 3M Controltacâ„¢ Vinyl Decals are a premium and reliable choice, renowned for their advanced technology and flawless installation. Crafted with a pressure-activated, repositionable adhesive, these decals are engineered to allow for a perfect, bubble-free application by professionals. Featuring your design on industry-leading 3M vinyl, our decals offer superior color vibrancy and long-term durability. With this premium material, you can expand your professional service offerings, leading to higher quality jobs, increased client trust, and a reputation for excellence."
"Custom Car Wrap","Our custom car wraps are a transformative and high-impact choice, celebrated for their photorealistic quality and unparalleled visual presence. Crafted from premium, conformable cast vinyl, these wraps are designed to cover your vehicle in a stunning, seamless layer of mobile advertising. Featuring vibrant, full-color printing, our wraps offer a breathtaking and professional finish that protects the original paint. With full and partial wrap options, this service can help you dominate your local market, leading to maximum brand exposure, a powerful first impression, and an unbeatable return on investment."
"Perforated Vinyl","Our perforated vinyl is an innovative and strategic choice, known for its unique one-way visibility and advertising effectiveness. Crafted with micro-perforations, this material is designed to display a solid, vibrant graphic to the outside while maintaining a clear view from the inside. Featuring your custom design in full color, our perforated vinyl offers a professional storefront or vehicle window display without sacrificing natural light or safety. With this clever solution, you can maximize your advertising space, leading to enhanced privacy, more effective promotions, and a stronger connection with customers."
"Window Cling","Our window clings are a versatile and user-friendly choice, known for their simple, non-adhesive application and reusability. Crafted from a durable static-cling vinyl, these graphics are designed to be effortlessly applied, repositioned, and removed without leaving any residue. Featuring bright, crisp printing, our window clings offer a clean and professional display for temporary promotions and branding. Ideal for seasonal sales and events, our clings can help you adapt your marketing quickly, leading to more timely messaging, more customer traffic, and increased sales."
"Wall Stickers","Our removable wall stickers are a creative and damage-free choice, recognized for their ability to easily transform interior spaces. Crafted from a specialty vinyl with a gentle, low-tack adhesive, these graphics are designed to adhere smoothly to painted walls without causing damage upon removal. Featuring precise, custom-cut shapes and vibrant colors, our wall stickers offer a professional and personalized look for any office or retail environment. With this versatile product, you can enhance your interior branding, leading to a more engaging customer experience, a stronger company culture, and a memorable space."
"Fabric / Wallpaper","Our custom fabric and wallpaper are a luxurious and immersive choice, known for their premium texture and high-end aesthetic. Crafted from quality textile materials, this product is designed to create stunning, sophisticated feature walls and branded environments. Featuring rich, elegant printing, our fabric wallpaper offers a warm and tactile finish that vinyl cannot match. With this elevated option, you can provide top-tier interior design solutions, leading to more high-value projects, distinguished brand spaces, and truly impressive interiors."
"Stickers","Our custom stickers are a universally popular and versatile branding tool, known for their limitless applications and high-quality finish. Crafted from durable vinyl or paper stocks, these stickers are designed to be produced in any custom shape, size, or design to perfectly suit your needs. Featuring vibrant, full-color printing and precision die-cutting, our stickers offer a polished and impactful way to apply your brand anywhere. With a variety of material options, our stickers can help you expand your promotional offerings, leading to more creative branding, increased customer loyalty, and endless marketing opportunities."
"Wholesale Magnetic Signs","Our wholesale magnetic signs are a flexible and powerful choice, known for their strong grip and complete removability. Crafted from a durable, vehicle-grade magnetic material, these signs are designed to turn any personal vehicle into a commercial asset in an instant. Featuring your business information in crisp, vibrant color, our magnetic signs offer a professional and highly visible mobile advertisement. With this convenient solution, you can provide on-demand branding for your clients, leading to more applications, greater flexibility, and an increase in local visibility."
"Yard Signs","Our wholesale yard signs are a highly effective and economical choice, celebrated for their durability and ease of use. Crafted from weather-resistant corrugated plastic, these signs are designed to broadcast a message clearly in any outdoor environment, from real estate listings to political campaigns. Featuring crisp, vibrant printing, our yard signs offer a professional and eye-catching display that stands up to the elements. With options for simple H-stake installation, our signs can help you blanket a target area, leading to more local visibility, more event traffic, and successful grassroots marketing."
"Construction Signs","Our construction signs are a supremely durable and essential choice, known for their robust build and job-site resilience. Crafted from heavy-duty, all-weather materials, these signs are engineered to withstand the demanding conditions of any construction site for long-term use. Featuring clear, high-visibility graphics, our signs offer a professional and reliable display for critical safety, directional, and branding information. With a variety of rugged finishing options, our construction signs can help you ensure site safety and compliance, leading to a more professional project image, enhanced brand presence, and a secure work environment." 